category,avg_accuracy,avg_completeness,avg_relevance,avg_faithfulness,avg_context_relevance,avg_context_utilization,avg_unsupported_claims
relationship,4.275862068965517,3.8275862068965516,4.482758620689655,4.310344827586207,4.448275862068965,4.0344827586206895,0.6551724137931034
numerical,4.753623188405797,4.478260869565218,4.840579710144928,4.753623188405797,4.826086956521739,4.681159420289855,0.21739130434782608
direct_fact,4.52054794520548,4.095890410958904,4.698630136986301,4.602739726027397,4.794520547945205,4.301369863013699,0.410958904109589
temporal,4.193548387096774,3.5161290322580645,4.483870967741935,4.32258064516129,4.451612903225806,3.935483870967742,0.4838709677419355
comparative,4.447368421052632,3.736842105263158,4.605263157894737,4.526315789473684,4.631578947368421,4.026315789473684,0.5526315789473685
spanning,4.325581395348837,3.953488372093023,4.488372093023256,4.395348837209302,4.465116279069767,4.1395348837209305,0.627906976744186
holistic,4.1,3.65,4.45,4.075,4.525,3.85,0.825
