category,avg_mrr
direct_fact,0.6628180039138943
numerical,0.7860363469059121
temporal,0.5368279569892473
comparative,0.5976712614870509
holistic,0.5026550925925926
relationship,0.6741379310344828
spanning,0.49555232558139534
