overall_mrr,overall_ndcg,overall_coverage,total_tests
0.6282982988517043,0.6406227687426491,76.21259029927765,323
