category,avg_accuracy,avg_completeness,avg_relevance,avg_faithfulness,avg_context_relevance,avg_context_utilization,avg_unsupported_claims
temporal,4.225806451612903,3.3870967741935485,4.419354838709677,4.258064516129032,4.387096774193548,3.806451612903226,0.5806451612903226
relationship,4.344827586206897,3.793103448275862,4.482758620689655,4.310344827586207,4.517241379310345,3.9655172413793105,0.5862068965517241
spanning,4.162790697674419,3.744186046511628,4.488372093023256,4.209302325581396,4.488372093023256,3.9302325581395348,0.8604651162790697
direct_fact,4.383561643835616,4.0,4.63013698630137,4.383561643835616,4.794520547945205,4.219178082191781,0.4383561643835616
holistic,4.25,3.675,4.425,4.175,4.525,3.85,0.95
numerical,4.753623188405797,4.492753623188406,4.840579710144928,4.768115942028985,4.869565217391305,4.6231884057971016,0.2753623188405797
comparative,4.5,3.789473684210526,4.657894736842105,4.605263157894737,4.578947368421052,4.052631578947368,0.3684210526315789
