category,avg_accuracy,avg_completeness,avg_relevance,avg_faithfulness,avg_context_relevance,avg_context_utilization,avg_unsupported_claims
direct_fact,4.438356164383562,4.068493150684931,4.63013698630137,4.4520547945205475,4.698630136986301,4.191780821917808,0.5342465753424658
numerical,4.695652173913044,4.536231884057971,4.797101449275362,4.7101449275362315,4.768115942028985,4.594202898550725,0.21739130434782608
temporal,4.451612903225806,3.6451612903225805,4.67741935483871,4.483870967741935,4.580645161290323,3.903225806451613,0.3870967741935484
comparative,4.473684210526316,4.078947368421052,4.631578947368421,4.394736842105263,4.578947368421052,4.105263157894737,0.6842105263157895
holistic,4.375,4.025,4.525,4.325,4.575,4.15,0.8
relationship,4.172413793103448,3.5517241379310347,4.413793103448276,4.172413793103448,4.413793103448276,3.7241379310344827,0.8275862068965517
spanning,4.232558139534884,4.046511627906977,4.395348837209302,4.093023255813954,4.372093023255814,4.093023255813954,1.0232558139534884
