category,avg_mrr
direct_fact,0.6020353763212345
numerical,0.7280761911196694
temporal,0.5353407141183032
comparative,0.5488472784525414
holistic,0.4768438852813852
relationship,0.6746460848894927
spanning,0.4979170597920598
