overall_mrr,overall_ndcg,overall_coverage,total_tests
0.5934567300980821,0.6086346772224382,77.64189886480914,323
