overall_mrr,overall_ndcg,overall_coverage,total_tests
0.5660968393205239,0.5856564774097608,73.6119711042312,323
